Application_ID,Customer_ID,Loan_Amount,Loan_Application_Date,Credit_Score,Employment_Status,Annual_Income
APP_0001,CUST_0001,7732,2021-12-19,673,Self-Employed,92698
APP_0002,CUST_0002,48567,2023-04-26,739,Self-Employed,84141
APP_0003,CUST_0003,47613,2023-03-09,315,Employed,44176
APP_0004,CUST_0004,26243,2021-11-26,431,Employed,56535
APP_0005,CUST_0005,35403,2023-06-07,406,Employed,69730
APP_0006,CUST_0006,37103,2023-08-25,772,Employed,49200
APP_0007,CUST_0007,46993,2023-07-06,513,Employed,51046
APP_0008,CUST_0008,25757,2022-02-18,584,Employed,43366
APP_0009,CUST_0009,19935,2022-10-15,567,Employed,70559
APP_0010,CUST_0010,20430,2023-08-20,581,Unemployed,24456
APP_0011,CUST_0011,44512,2022-04-13,659,Self-Employed,76057
APP_0012,CUST_0012,19650,2022-06-10,718,Self-Employed,50352
APP_0013,CUST_0013,22089,2021-11-20,557,Employed,49777
APP_0014,CUST_0014,37230,2023-05-06,828,Self-Employed,61684
APP_0015,CUST_0015,23983,2022-02-06,845,Unemployed,15016
APP_0016,CUST_0016,48095,2022-06-21,333,Employed,54504
APP_0017,CUST_0017,29152,2022-08-27,472,Self-Employed,62810
APP_0018,CUST_0018,40665,2022-10-26,786,Employed,37509
APP_0019,CUST_0019,21921,2022-05-22,628,Employed,50049
APP_0020,CUST_0020,32469,2022-05-20,505,Employed,32979
APP_0021,CUST_0021,43984,2022-12-04,406,Employed,71889
APP_0022,CUST_0022,11921,2021-12-18,716,Employed,40264
APP_0023,CUST_0023,43804,2021-11-10,624,Employed,43928
APP_0024,CUST_0024,7163,2022-07-31,715,Employed,75497
APP_0025,CUST_0025,10072,2023-07-12,364,Self-Employed,89632
APP_0026,CUST_0026,42619,2023-08-23,587,Employed,67321
APP_0027,CUST_0027,12877,2023-06-16,379,Employed,55240
APP_0028,CUST_0028,23430,2023-03-22,383,Employed,72501
APP_0029,CUST_0029,6871,2022-03-26,805,Employed,65760
APP_0030,CUST_0030,12599,2023-04-28,696,Unemployed,14905
APP_0031,CUST_0031,7496,2022-01-10,310,Self-Employed,60700
APP_0032,CUST_0032,29675,2023-04-11,800,Unemployed,2245
APP_0033,CUST_0033,47968,2021-11-13,370,Employed,36182
APP_0034,CUST_0034,36921,2022-06-06,321,Self-Employed,67400
APP_0035,CUST_0035,38523,2022-05-20,636,Employed,32254
APP_0036,CUST_0036,5797,2023-04-07,620,Employed,77332
APP_0037,CUST_0037,8219,2023-02-04,429,Employed,58143
APP_0038,CUST_0038,20246,2023-08-04,663,Employed,68834
APP_0039,CUST_0039,29999,2022-08-18,766,Employed,79180
APP_0040,CUST_0040,21321,2021-10-19,638,Employed,65876
APP_0041,CUST_0041,24129,2023-07-13,706,Employed,30647
APP_0042,CUST_0042,46504,2023-03-24,840,Self-Employed,64012
APP_0043,CUST_0043,23676,2022-08-19,627,Employed,37339
APP_0044,CUST_0044,36230,2022-07-30,583,Unemployed,19785
APP_0045,CUST_0045,16723,2022-03-01,516,Self-Employed,79227
APP_0046,CUST_0046,48890,2022-11-10,613,Employed,32844
APP_0047,CUST_0047,22591,2022-09-13,516,Employed,42670
APP_0048,CUST_0048,48136,2023-04-25,569,Employed,38374
APP_0049,CUST_0049,31752,2022-09-08,378,Employed,56420
APP_0050,CUST_0050,28605,2021-12-04,600,Employed,36262
APP_0051,CUST_0051,11021,2021-12-28,535,Employed,69594
APP_0052,CUST_0052,25006,2023-01-17,545,Employed,58758
APP_0053,CUST_0053,8560,2022-03-27,391,Employed,61289
APP_0054,CUST_0054,30332,2023-09-04,344,Employed,74055
APP_0055,CUST_0055,36055,2023-05-27,810,Employed,43436
APP_0056,CUST_0056,26368,2022-06-11,713,Self-Employed,55901
APP_0057,CUST_0057,25737,2022-05-28,410,Unemployed,9361
APP_0058,CUST_0058,33647,2021-11-13,840,Employed,60918
APP_0059,CUST_0059,31681,2023-04-28,349,Employed,32116
APP_0060,CUST_0060,19627,2021-12-27,643,Self-Employed,32456
APP_0061,CUST_0061,17134,2022-10-07,341,Self-Employed,87281
APP_0062,CUST_0062,46390,2022-09-15,774,Employed,51712
APP_0063,CUST_0063,25571,2022-11-26,494,Employed,58546
APP_0064,CUST_0064,14781,2021-12-03,573,Employed,58154
APP_0065,CUST_0065,24340,2022-08-08,320,Employed,61434
APP_0066,CUST_0066,32257,2023-06-02,620,Employed,33495
APP_0067,CUST_0067,21298,2021-12-04,536,Self-Employed,49523
APP_0068,CUST_0068,17372,2022-03-02,379,Self-Employed,54164
APP_0069,CUST_0069,9420,2023-04-17,374,Employed,70700
APP_0070,CUST_0070,44876,2021-11-26,462,Employed,64407
APP_0071,CUST_0071,22455,2022-06-05,673,Employed,35117
APP_0072,CUST_0072,19324,2023-04-23,460,Employed,72231
APP_0073,CUST_0073,43019,2021-12-28,726,Self-Employed,41656
APP_0074,CUST_0074,12012,2023-04-02,683,Unemployed,10408
APP_0075,CUST_0075,14396,2023-04-17,600,Employed,33500
APP_0076,CUST_0076,8918,2022-04-12,604,Self-Employed,60091
APP_0077,CUST_0077,14359,2023-01-17,683,Employed,76289
APP_0078,CUST_0078,49259,2021-11-29,624,Self-Employed,82984
APP_0079,CUST_0079,28482,2021-10-30,573,Employed,67551
APP_0080,CUST_0080,20127,2021-10-10,771,Employed,40949
APP_0081,CUST_0081,48727,2021-10-18,585,Employed,70358
APP_0082,CUST_0082,40725,2022-11-28,458,Employed,40276
APP_0083,CUST_0083,42237,2022-08-30,503,Employed,47796
APP_0084,CUST_0084,19165,2022-09-19,750,Employed,48171
APP_0085,CUST_0085,13752,2022-03-17,777,Unemployed,3092
APP_0086,CUST_0086,47565,2023-08-24,616,Self-Employed,89963
APP_0087,CUST_0087,19505,2021-12-29,544,Unemployed,16288
APP_0088,CUST_0088,10795,2022-09-11,771,Self-Employed,46163
APP_0089,CUST_0089,28647,2022-02-21,701,Employed,51227
APP_0090,CUST_0090,45133,2023-07-29,543,Employed,34781
APP_0091,CUST_0091,33254,2021-10-28,833,Employed,56410
APP_0092,CUST_0092,46216,2023-03-08,443,Employed,39089
APP_0093,CUST_0093,41530,2023-01-24,566,Employed,34844
APP_0094,CUST_0094,30392,2023-09-24,431,Employed,47583
APP_0095,CUST_0095,21221,2023-07-24,495,Self-Employed,75044
APP_0096,CUST_0096,23819,2021-10-21,755,Employed,70138
APP_0097,CUST_0097,39402,2022-06-18,764,Employed,38618
APP_0098,CUST_0098,5973,2022-04-04,526,Employed,33836
APP_0099,CUST_0099,25848,2022-04-11,745,Self-Employed,66832
APP_0100,CUST_0100,15215,2023-01-18,400,Employed,39191
APP_0101,CUST_0101,16157,2022-08-30,434,Employed,54015
APP_0102,CUST_0102,29777,2023-07-06,332,Employed,44957
APP_0103,CUST_0103,18824,2022-01-24,381,Self-Employed,96264
APP_0104,CUST_0104,7418,2023-06-23,674,Employed,64344
APP_0105,CUST_0105,17843,2023-03-25,593,Unemployed,8301
APP_0106,CUST_0106,18242,2023-04-08,583,Self-Employed,64040
APP_0107,CUST_0107,41223,2023-05-26,351,Self-Employed,25146
APP_0108,CUST_0108,11521,2022-09-21,308,Employed,58075
APP_0109,CUST_0109,27626,2022-03-18,612,Employed,73868
APP_0110,CUST_0110,14123,2023-08-30,718,Unemployed,17657
APP_0111,CUST_0111,36454,2023-02-24,486,Employed,49325
APP_0112,CUST_0112,47947,2023-03-27,776,Employed,61362
APP_0113,CUST_0113,19254,2022-10-30,411,Employed,41798
APP_0114,CUST_0114,28700,2021-10-23,547,Employed,53932
APP_0115,CUST_0115,42073,2023-03-31,307,Employed,68808
APP_0116,CUST_0116,43299,2022-09-20,588,Employed,46300
APP_0117,CUST_0117,28310,2022-01-10,375,Employed,54403
APP_0118,CUST_0118,36785,2021-12-15,521,Employed,62478
APP_0119,CUST_0119,20041,2022-05-04,340,Employed,68861
APP_0120,CUST_0120,28306,2022-02-08,300,Employed,74243
APP_0121,CUST_0121,41950,2022-01-18,512,Employed,60947
APP_0122,CUST_0122,18160,2021-10-01,409,Employed,42597
APP_0123,CUST_0123,31635,2023-09-21,505,Self-Employed,48236
APP_0124,CUST_0124,38075,2023-02-15,465,Self-Employed,62752
APP_0125,CUST_0125,18392,2022-10-10,731,Employed,60109
APP_0126,CUST_0126,19368,2022-05-14,403,Employed,55300
APP_0127,CUST_0127,10302,2023-01-14,794,Self-Employed,75011
APP_0128,CUST_0128,38920,2023-05-29,432,Employed,43258
APP_0129,CUST_0129,28334,2022-12-17,848,Unemployed,10232
APP_0130,CUST_0130,46235,2022-07-14,636,Self-Employed,35995
APP_0131,CUST_0131,43062,2023-01-02,766,Self-Employed,38531
APP_0132,CUST_0132,40260,2022-12-19,465,Employed,73723
APP_0133,CUST_0133,32112,2021-10-18,673,Employed,41517
APP_0134,CUST_0134,18592,2023-02-28,794,Employed,55288
APP_0135,CUST_0135,30213,2023-07-02,591,Employed,43941
APP_0136,CUST_0136,38538,2022-01-28,485,Employed,31335
APP_0137,CUST_0137,20875,2021-10-31,565,Employed,46341
APP_0138,CUST_0138,13286,2022-10-16,350,Unemployed,9886
APP_0139,CUST_0139,49258,2022-10-30,476,Employed,63071
APP_0140,CUST_0140,43763,2022-02-05,824,Employed,63016
APP_0141,CUST_0141,23728,2022-12-16,799,Employed,34181
APP_0142,CUST_0142,18640,2022-02-28,399,Self-Employed,72506
APP_0143,CUST_0143,8091,2023-01-06,658,Self-Employed,46572
APP_0144,CUST_0144,8912,2022-02-27,336,Employed,30019
APP_0145,CUST_0145,11594,2021-12-11,586,Unemployed,28630
APP_0146,CUST_0146,26752,2021-11-26,447,Employed,76406
APP_0147,CUST_0147,28532,2022-08-14,722,Self-Employed,75782
APP_0148,CUST_0148,12997,2022-09-01,728,Employed,70725
APP_0149,CUST_0149,45800,2022-01-21,335,Employed,59867
APP_0150,CUST_0150,20620,2021-10-02,329,Employed,34163
APP_0151,CUST_0151,45899,2023-08-11,360,Self-Employed,25371
APP_0152,CUST_0152,9845,2022-02-12,637,Unemployed,8621
APP_0153,CUST_0153,31763,2023-07-03,455,Self-Employed,28794
APP_0154,CUST_0154,48606,2022-03-31,431,Employed,55809
APP_0155,CUST_0155,8533,2022-07-06,333,Employed,70261
APP_0156,CUST_0156,7937,2022-05-29,735,Employed,33823
APP_0157,CUST_0157,31221,2023-09-20,711,Employed,32523
APP_0158,CUST_0158,42707,2022-01-28,528,Employed,44593
APP_0159,CUST_0159,47512,2021-10-18,356,Unemployed,11280
APP_0160,CUST_0160,24608,2022-08-21,577,Employed,74456
APP_0161,CUST_0161,10021,2021-12-29,630,Employed,43675
APP_0162,CUST_0162,31773,2023-02-01,841,Employed,51607
APP_0163,CUST_0163,38902,2022-03-21,541,Employed,32809
APP_0164,CUST_0164,47448,2021-12-31,414,Employed,78478
APP_0165,CUST_0165,22340,2021-12-15,572,Self-Employed,55903
APP_0166,CUST_0166,6913,2022-03-15,748,Unemployed,2855
APP_0167,CUST_0167,18429,2022-02-18,313,Employed,34403
APP_0168,CUST_0168,18907,2022-02-15,558,Self-Employed,48876
APP_0169,CUST_0169,40489,2023-05-02,447,Employed,49805
APP_0170,CUST_0170,15088,2022-04-27,800,Unemployed,7162
APP_0171,CUST_0171,20588,2022-08-12,760,Employed,52392
APP_0172,CUST_0172,43395,2022-07-04,769,Employed,63258
APP_0173,CUST_0173,43214,2022-11-01,582,Employed,61124
APP_0174,CUST_0174,5469,2022-12-23,671,Unemployed,8956
APP_0175,CUST_0175,48295,2022-08-09,440,Employed,63845
APP_0176,CUST_0176,13717,2021-11-30,541,Self-Employed,52909
APP_0177,CUST_0177,39488,2023-09-24,557,Employed,79858
APP_0178,CUST_0178,43040,2023-03-08,720,Employed,58653
APP_0179,CUST_0179,21975,2021-11-04,588,Self-Employed,53069
APP_0180,CUST_0180,43953,2021-10-09,810,Employed,50888
APP_0181,CUST_0181,20912,2022-11-11,584,Self-Employed,38880
APP_0182,CUST_0182,33086,2023-01-30,365,Unemployed,7203
APP_0183,CUST_0183,21591,2021-11-10,505,Employed,76783
APP_0184,CUST_0184,20115,2022-01-09,639,Self-Employed,81198
APP_0185,CUST_0185,19447,2021-10-06,720,Employed,49809
APP_0186,CUST_0186,33665,2021-11-20,499,Employed,36424
APP_0187,CUST_0187,47870,2023-03-23,609,Employed,48792
APP_0188,CUST_0188,16052,2023-03-10,827,Self-Employed,33829
APP_0189,CUST_0189,20741,2022-01-09,457,Employed,53869
APP_0190,CUST_0190,33739,2023-09-13,766,Employed,40643
APP_0191,CUST_0191,48986,2023-05-30,701,Employed,55228
APP_0192,CUST_0192,10103,2023-01-08,335,Employed,34210
APP_0193,CUST_0193,40050,2023-09-06,575,Employed,49756
APP_0194,CUST_0194,6740,2022-05-11,835,Employed,72826
APP_0195,CUST_0195,17579,2022-01-25,655,Self-Employed,40943
APP_0196,CUST_0196,10846,2023-07-26,431,Unemployed,6486
APP_0197,CUST_0197,25165,2022-05-06,381,Employed,72719
APP_0198,CUST_0198,7775,2022-05-31,338,Self-Employed,64447
APP_0199,CUST_0199,23987,2023-08-16,342,Self-Employed,35467
APP_0200,CUST_0200,35752,2022-04-02,849,Self-Employed,93830
APP_0201,CUST_0201,28563,2023-09-17,662,Employed,72984
APP_0202,CUST_0202,18928,2022-04-25,735,Employed,55198
APP_0203,CUST_0203,11356,2022-08-24,706,Employed,63168
APP_0204,CUST_0204,38930,2022-05-24,842,Employed,51682
APP_0205,CUST_0205,33651,2022-05-03,539,Self-Employed,88933
APP_0206,CUST_0206,20997,2022-06-26,694,Self-Employed,92369
APP_0207,CUST_0207,38391,2022-03-04,447,Employed,31898
APP_0208,CUST_0208,37232,2023-06-09,755,Employed,77388
APP_0209,CUST_0209,13962,2023-06-06,360,Unemployed,24572
APP_0210,CUST_0210,25435,2023-02-07,324,Unemployed,24324
APP_0211,CUST_0211,39009,2023-03-04,460,Self-Employed,89301
APP_0212,CUST_0212,48671,2023-09-07,664,Self-Employed,30810
APP_0213,CUST_0213,9403,2023-01-16,595,Employed,79012
APP_0214,CUST_0214,22582,2023-04-29,404,Employed,43315
APP_0215,CUST_0215,34844,2023-02-01,682,Employed,45777
APP_0216,CUST_0216,24381,2023-05-31,667,Employed,32219
APP_0217,CUST_0217,43429,2023-06-25,416,Employed,47921
APP_0218,CUST_0218,20939,2023-08-16,316,Employed,46738
APP_0219,CUST_0219,15787,2023-05-17,518,Self-Employed,62737
APP_0220,CUST_0220,22191,2023-09-13,508,Self-Employed,57792
APP_0221,CUST_0221,7121,2023-06-02,524,Employed,37271
APP_0222,CUST_0222,29451,2022-05-19,472,Employed,59480
APP_0223,CUST_0223,8886,2023-01-26,419,Employed,57730
APP_0224,CUST_0224,46690,2022-09-07,654,Self-Employed,35858
APP_0225,CUST_0225,27450,2023-07-16,711,Employed,38502
APP_0226,CUST_0226,20212,2022-11-15,601,Employed,39820
APP_0227,CUST_0227,14987,2022-07-28,637,Self-Employed,88395
APP_0228,CUST_0228,21583,2022-11-01,711,Employed,46321
APP_0229,CUST_0229,39215,2022-02-27,732,Employed,41049
APP_0230,CUST_0230,10181,2023-09-19,689,Employed,74838
APP_0231,CUST_0231,48349,2023-02-16,677,Unemployed,24108
APP_0232,CUST_0232,16042,2023-02-10,531,Employed,35020
APP_0233,CUST_0233,47914,2022-06-06,544,Employed,76361
APP_0234,CUST_0234,10208,2023-08-08,365,Employed,69163
APP_0235,CUST_0235,11177,2023-02-22,368,Employed,55842
APP_0236,CUST_0236,9863,2022-01-06,756,Employed,62821
APP_0237,CUST_0237,13389,2022-07-27,670,Employed,70283
APP_0238,CUST_0238,5894,2022-02-01,674,Employed,72061
APP_0239,CUST_0239,35142,2023-06-23,783,Employed,64465
APP_0240,CUST_0240,37904,2022-05-13,399,Self-Employed,32127
APP_0241,CUST_0241,31813,2021-10-13,371,Employed,40613
APP_0242,CUST_0242,44041,2022-05-02,813,Employed,71864
APP_0243,CUST_0243,30968,2022-11-21,429,Employed,61940
APP_0244,CUST_0244,18688,2022-02-08,499,Self-Employed,29748
APP_0245,CUST_0245,8419,2023-07-04,400,Employed,67717
APP_0246,CUST_0246,21552,2022-07-10,478,Self-Employed,73572
APP_0247,CUST_0247,11004,2023-02-28,711,Employed,70412
APP_0248,CUST_0248,40620,2023-07-01,396,Employed,79422
APP_0249,CUST_0249,47521,2022-12-24,654,Employed,40496
APP_0250,CUST_0250,25803,2022-09-26,601,Employed,38677
APP_0251,CUST_0251,20139,2023-01-30,400,Employed,48614
APP_0252,CUST_0252,40954,2022-08-14,636,Employed,56401
APP_0253,CUST_0253,27302,2023-03-06,412,Self-Employed,87267
APP_0254,CUST_0254,26533,2023-05-20,534,Self-Employed,20490
APP_0255,CUST_0255,23161,2023-07-01,751,Employed,38872
APP_0256,CUST_0256,46106,2023-04-26,820,Self-Employed,63006
APP_0257,CUST_0257,19676,2022-08-25,511,Employed,56503
APP_0258,CUST_0258,25989,2021-10-11,672,Employed,30922
APP_0259,CUST_0259,7562,2021-12-30,396,Employed,66509
APP_0260,CUST_0260,27597,2023-01-01,782,Employed,56546
APP_0261,CUST_0261,30484,2022-02-14,689,Employed,75241
APP_0262,CUST_0262,42420,2023-07-09,641,Employed,56129
APP_0263,CUST_0263,18173,2023-02-17,580,Employed,63406
APP_0264,CUST_0264,32389,2023-04-03,302,Employed,52794
APP_0265,CUST_0265,33271,2022-04-26,809,Employed,37102
APP_0266,CUST_0266,16605,2023-07-08,755,Self-Employed,86802
APP_0267,CUST_0267,38191,2022-03-07,408,Employed,67606
APP_0268,CUST_0268,33310,2023-07-24,503,Employed,51267
APP_0269,CUST_0269,38735,2022-04-23,543,Employed,57869
APP_0270,CUST_0270,42138,2023-02-04,674,Self-Employed,26435
APP_0271,CUST_0271,46820,2021-12-20,365,Employed,37173
APP_0272,CUST_0272,27571,2023-09-17,764,Employed,49652
APP_0273,CUST_0273,38201,2022-06-15,670,Self-Employed,85186
APP_0274,CUST_0274,18097,2023-04-03,510,Employed,73496
APP_0275,CUST_0275,27621,2022-02-09,698,Employed,75008
APP_0276,CUST_0276,22813,2023-08-19,833,Self-Employed,23846
APP_0277,CUST_0277,49889,2023-05-30,411,Employed,60632
APP_0278,CUST_0278,23930,2022-07-10,497,Self-Employed,40551
APP_0279,CUST_0279,36200,2023-06-09,430,Unemployed,7525
APP_0280,CUST_0280,19299,2021-10-20,839,Employed,33450
APP_0281,CUST_0281,21713,2022-12-24,675,Employed,53190
APP_0282,CUST_0282,24996,2023-04-05,447,Unemployed,19341
APP_0283,CUST_0283,21363,2022-09-15,719,Self-Employed,85071
APP_0284,CUST_0284,29785,2022-08-11,604,Employed,55139
APP_0285,CUST_0285,41736,2022-08-09,484,Unemployed,27965
APP_0286,CUST_0286,29534,2023-03-27,619,Self-Employed,89725
APP_0287,CUST_0287,37319,2023-09-11,772,Unemployed,26210
APP_0288,CUST_0288,6040,2022-03-08,742,Employed,78159
APP_0289,CUST_0289,11250,2022-05-11,550,Employed,46018
APP_0290,CUST_0290,30182,2023-04-11,406,Employed,59475
APP_0291,CUST_0291,12704,2023-07-03,767,Unemployed,23115
APP_0292,CUST_0292,11772,2023-05-18,573,Self-Employed,37407
APP_0293,CUST_0293,43079,2023-04-05,345,Employed,68491
APP_0294,CUST_0294,47179,2023-03-13,322,Self-Employed,82349
APP_0295,CUST_0295,30907,2022-08-29,525,Unemployed,12322
APP_0296,CUST_0296,14144,2022-04-27,632,Employed,30868
APP_0297,CUST_0297,32741,2023-01-02,470,Employed,60162
APP_0298,CUST_0298,43779,2022-05-24,700,Employed,50630
APP_0299,CUST_0299,46120,2022-04-23,615,Employed,72466
APP_0300,CUST_0300,7195,2023-05-18,573,Employed,59599
APP_0301,CUST_0301,9680,2022-02-28,496,Employed,46050
APP_0302,CUST_0302,30687,2021-10-13,616,Employed,54338
APP_0303,CUST_0303,37058,2022-04-06,442,Employed,57132
APP_0304,CUST_0304,43008,2021-12-14,481,Employed,65918
APP_0305,CUST_0305,15100,2022-03-05,381,Employed,66359
APP_0306,CUST_0306,20168,2022-10-26,841,Employed,30523
APP_0307,CUST_0307,48723,2022-03-29,498,Employed,56303
APP_0308,CUST_0308,38500,2023-04-01,328,Employed,51818
APP_0309,CUST_0309,28978,2022-03-15,784,Employed,65366
APP_0310,CUST_0310,17046,2022-06-24,784,Self-Employed,33591
APP_0311,CUST_0311,25950,2022-07-09,640,Employed,38128
APP_0312,CUST_0312,14500,2023-07-18,798,Employed,31058
APP_0313,CUST_0313,45212,2022-06-07,478,Self-Employed,50666
APP_0314,CUST_0314,37722,2022-09-09,481,Self-Employed,73667
APP_0315,CUST_0315,28418,2022-10-01,714,Employed,74102
APP_0316,CUST_0316,38415,2023-07-20,442,Employed,41395
APP_0317,CUST_0317,17232,2022-02-04,732,Employed,61656
APP_0318,CUST_0318,21957,2022-07-02,681,Employed,54443
APP_0319,CUST_0319,44565,2023-01-06,356,Self-Employed,51212
APP_0320,CUST_0320,43405,2021-11-17,749,Employed,31703
APP_0321,CUST_0321,32784,2023-05-08,443,Self-Employed,41634
APP_0322,CUST_0322,49239,2023-03-03,608,Employed,51273
APP_0323,CUST_0323,37693,2023-05-08,588,Employed,42395
APP_0324,CUST_0324,43027,2022-02-03,387,Employed,74962
APP_0325,CUST_0325,46988,2023-09-04,841,Employed,64173
APP_0326,CUST_0326,44335,2022-07-22,351,Employed,36000
APP_0327,CUST_0327,42212,2022-03-31,773,Self-Employed,27548
APP_0328,CUST_0328,38354,2023-05-15,737,Employed,32725
APP_0329,CUST_0329,19132,2022-09-28,492,Unemployed,26732
APP_0330,CUST_0330,12601,2022-06-09,454,Employed,42395
APP_0331,CUST_0331,32867,2023-08-15,768,Employed,64265
APP_0332,CUST_0332,16059,2022-01-13,689,Employed,42074
APP_0333,CUST_0333,5739,2023-07-23,678,Employed,41763
APP_0334,CUST_0334,34545,2022-03-14,573,Employed,79860
APP_0335,CUST_0335,26266,2023-07-18,612,Self-Employed,88390
APP_0336,CUST_0336,33021,2023-09-14,460,Employed,46839
APP_0337,CUST_0337,10410,2023-04-12,541,Unemployed,27651
APP_0338,CUST_0338,21821,2022-07-06,637,Employed,77105
APP_0339,CUST_0339,8898,2023-05-18,373,Employed,60935
APP_0340,CUST_0340,33587,2023-06-17,715,Employed,38536
APP_0341,CUST_0341,23231,2023-09-17,650,Self-Employed,87374
APP_0342,CUST_0342,14724,2022-09-22,629,Unemployed,21254
APP_0343,CUST_0343,28314,2023-08-12,664,Self-Employed,20344
APP_0344,CUST_0344,5941,2023-06-28,476,Employed,79137
APP_0345,CUST_0345,32479,2022-03-03,716,Employed,59776
APP_0346,CUST_0346,30025,2022-04-23,570,Employed,61071
APP_0347,CUST_0347,16590,2023-09-13,643,Self-Employed,40778
APP_0348,CUST_0348,16317,2022-05-17,716,Unemployed,25237
APP_0349,CUST_0349,14008,2022-11-03,612,Employed,63121
APP_0350,CUST_0350,36838,2021-11-09,712,Employed,58447
APP_0351,CUST_0351,23491,2023-06-15,471,Employed,51958
APP_0352,CUST_0352,19672,2022-06-22,397,Employed,76132
APP_0353,CUST_0353,31266,2023-02-11,478,Employed,70512
APP_0354,CUST_0354,35332,2021-09-27,408,Self-Employed,45042
APP_0355,CUST_0355,25643,2022-10-26,721,Employed,53320
APP_0356,CUST_0356,16834,2021-09-27,302,Self-Employed,44856
APP_0357,CUST_0357,22329,2022-09-07,443,Employed,66670
APP_0358,CUST_0358,13393,2022-10-08,641,Employed,31125
APP_0359,CUST_0359,23189,2022-06-07,796,Employed,42103
APP_0360,CUST_0360,6862,2023-06-16,393,Employed,41050
APP_0361,CUST_0361,46510,2022-04-02,420,Employed,44981
APP_0362,CUST_0362,41519,2022-02-24,510,Employed,66773
APP_0363,CUST_0363,47632,2022-01-31,819,Unemployed,15349
APP_0364,CUST_0364,5903,2022-05-11,477,Employed,73966
APP_0365,CUST_0365,35416,2023-04-13,326,Employed,72794
APP_0366,CUST_0366,20352,2021-10-07,409,Self-Employed,97704
APP_0367,CUST_0367,30080,2022-01-15,389,Unemployed,21398
APP_0368,CUST_0368,29399,2021-09-26,326,Employed,49216
APP_0369,CUST_0369,19297,2022-01-08,543,Unemployed,7627
APP_0370,CUST_0370,10896,2023-04-03,421,Unemployed,15404
APP_0371,CUST_0371,17003,2022-06-07,647,Employed,46397
APP_0372,CUST_0372,12942,2023-06-30,658,Employed,31803
APP_0373,CUST_0373,28761,2023-08-25,704,Employed,32410
APP_0374,CUST_0374,47439,2022-11-21,683,Employed,62039
APP_0375,CUST_0375,43361,2023-06-13,792,Self-Employed,53214
APP_0376,CUST_0376,21322,2022-04-29,687,Employed,79560
APP_0377,CUST_0377,35268,2023-06-14,505,Self-Employed,28145
APP_0378,CUST_0378,44794,2023-04-25,351,Employed,36811
APP_0379,CUST_0379,41589,2022-01-18,843,Employed,40910
APP_0380,CUST_0380,24095,2022-06-05,781,Employed,68104
APP_0381,CUST_0381,13472,2021-12-06,568,Unemployed,23450
APP_0382,CUST_0382,6028,2022-10-27,531,Unemployed,21151
APP_0383,CUST_0383,40428,2022-05-20,365,Employed,68655
APP_0384,CUST_0384,7353,2022-10-14,388,Employed,41134
APP_0385,CUST_0385,31967,2023-07-25,572,Employed,43406
APP_0386,CUST_0386,27046,2021-11-01,601,Self-Employed,44481
APP_0387,CUST_0387,12734,2021-11-05,683,Employed,77028
APP_0388,CUST_0388,29729,2023-08-28,519,Employed,38558
APP_0389,CUST_0389,33436,2021-12-22,465,Employed,36816
APP_0390,CUST_0390,28905,2022-02-28,734,Employed,60190
APP_0391,CUST_0391,31981,2023-08-05,708,Employed,74118
APP_0392,CUST_0392,15937,2022-02-26,504,Employed,77919
APP_0393,CUST_0393,37155,2021-10-03,304,Employed,67512
APP_0394,CUST_0394,6053,2022-09-18,474,Employed,45875
APP_0395,CUST_0395,24361,2023-05-15,340,Employed,71572
APP_0396,CUST_0396,26875,2023-04-11,541,Employed,36350
APP_0397,CUST_0397,41661,2023-08-24,694,Employed,44140
APP_0398,CUST_0398,7679,2023-02-18,711,Employed,35860
APP_0399,CUST_0399,16187,2023-01-25,634,Employed,39019
APP_0400,CUST_0400,9950,2021-10-12,697,Employed,39147
APP_0401,CUST_0401,36222,2023-02-18,816,Employed,77059
APP_0402,CUST_0402,7665,2021-11-17,571,Employed,47752
APP_0403,CUST_0403,24441,2021-12-28,329,Unemployed,22502
APP_0404,CUST_0404,35857,2022-01-15,470,Employed,66963
APP_0405,CUST_0405,44606,2023-05-09,503,Self-Employed,47210
APP_0406,CUST_0406,41736,2022-11-08,779,Employed,42097
APP_0407,CUST_0407,5851,2022-05-15,519,Employed,45367
APP_0408,CUST_0408,10028,2022-01-13,834,Employed,31110
APP_0409,CUST_0409,25177,2022-07-06,410,Employed,35932
APP_0410,CUST_0410,28700,2022-12-01,768,Self-Employed,73289
APP_0411,CUST_0411,44920,2023-08-16,430,Employed,76113
APP_0412,CUST_0412,29702,2022-04-13,420,Employed,33405
APP_0413,CUST_0413,13769,2023-06-02,651,Employed,56241
APP_0414,CUST_0414,27036,2023-05-04,484,Self-Employed,88643
APP_0415,CUST_0415,38572,2022-12-24,410,Employed,38615
APP_0416,CUST_0416,43212,2021-09-28,490,Employed,71208
APP_0417,CUST_0417,21496,2023-07-19,389,Self-Employed,71284
APP_0418,CUST_0418,39735,2022-06-08,618,Employed,37142
APP_0419,CUST_0419,22034,2023-09-18,593,Employed,56907
APP_0420,CUST_0420,42101,2023-04-25,459,Unemployed,25886
APP_0421,CUST_0421,6384,2022-03-10,615,Self-Employed,97037
APP_0422,CUST_0422,18867,2022-05-29,804,Unemployed,2058
APP_0423,CUST_0423,5063,2022-09-14,639,Employed,31945
APP_0424,CUST_0424,41767,2022-01-23,660,Self-Employed,69854
APP_0425,CUST_0425,8988,2022-09-03,677,Employed,66080
APP_0426,CUST_0426,24055,2022-10-03,352,Employed,74146
APP_0427,CUST_0427,40155,2023-03-14,598,Employed,60207
APP_0428,CUST_0428,31444,2022-08-13,573,Employed,78329
APP_0429,CUST_0429,26778,2022-07-11,338,Unemployed,4321
APP_0430,CUST_0430,41209,2022-03-13,782,Employed,74480
APP_0431,CUST_0431,13010,2022-11-19,493,Self-Employed,89226
APP_0432,CUST_0432,18537,2022-03-09,514,Employed,54298
APP_0433,CUST_0433,10763,2022-05-23,345,Employed,61229
APP_0434,CUST_0434,24340,2022-01-10,422,Unemployed,28098
APP_0435,CUST_0435,12396,2023-04-17,834,Employed,39457
APP_0436,CUST_0436,41666,2022-12-15,531,Self-Employed,82848
APP_0437,CUST_0437,19705,2022-09-17,810,Employed,38742
APP_0438,CUST_0438,26287,2023-01-01,648,Self-Employed,98567
APP_0439,CUST_0439,30274,2022-10-28,621,Employed,72609
APP_0440,CUST_0440,21676,2022-03-20,641,Unemployed,23313
APP_0441,CUST_0441,36075,2022-07-11,844,Employed,56052
APP_0442,CUST_0442,10346,2022-05-28,734,Employed,74258
APP_0443,CUST_0443,28417,2022-06-18,626,Unemployed,16188
APP_0444,CUST_0444,42544,2022-11-22,784,Employed,33322
APP_0445,CUST_0445,36164,2023-01-04,451,Employed,41569
APP_0446,CUST_0446,18729,2022-08-29,422,Employed,59214
APP_0447,CUST_0447,28836,2023-03-08,382,Employed,66603
APP_0448,CUST_0448,9122,2022-04-14,402,Employed,60433
APP_0449,CUST_0449,5736,2023-02-08,389,Employed,60171
APP_0450,CUST_0450,31872,2023-06-25,379,Self-Employed,20744
APP_0451,CUST_0451,42229,2022-09-25,413,Employed,31445
APP_0452,CUST_0452,23355,2022-08-09,455,Employed,55850
APP_0453,CUST_0453,16465,2022-02-03,813,Employed,32993
APP_0454,CUST_0454,18749,2022-11-25,565,Self-Employed,41124
APP_0455,CUST_0455,46157,2022-12-01,415,Unemployed,23584
APP_0456,CUST_0456,39439,2022-01-20,695,Employed,55191
APP_0457,CUST_0457,38374,2022-02-16,364,Employed,64578
APP_0458,CUST_0458,23504,2023-02-21,547,Employed,45316
APP_0459,CUST_0459,20835,2022-06-23,805,Employed,45385
APP_0460,CUST_0460,12788,2022-01-28,489,Employed,30423
APP_0461,CUST_0461,44014,2023-07-24,354,Employed,56589
APP_0462,CUST_0462,29404,2022-04-23,592,Employed,58136
APP_0463,CUST_0463,31951,2023-08-07,768,Employed,68578
APP_0464,CUST_0464,30171,2023-05-24,426,Employed,43521
APP_0465,CUST_0465,43111,2023-03-06,319,Self-Employed,90795
APP_0466,CUST_0466,7304,2022-06-30,496,Employed,66455
APP_0467,CUST_0467,16909,2022-05-13,469,Employed,35123
APP_0468,CUST_0468,41187,2023-04-22,508,Self-Employed,50672
APP_0469,CUST_0469,38899,2022-10-02,485,Employed,34533
APP_0470,CUST_0470,36646,2021-10-15,396,Unemployed,5545
APP_0471,CUST_0471,19281,2022-08-13,578,Unemployed,27807
APP_0472,CUST_0472,23387,2022-03-19,431,Self-Employed,30873
APP_0473,CUST_0473,47981,2022-10-09,692,Employed,34465
APP_0474,CUST_0474,29028,2022-12-30,469,Unemployed,1288
APP_0475,CUST_0475,18704,2022-01-23,402,Employed,42915
APP_0476,CUST_0476,14774,2021-12-08,395,Employed,46825
APP_0477,CUST_0477,13192,2022-01-19,408,Employed,59761
APP_0478,CUST_0478,12528,2022-11-18,391,Employed,45978
APP_0479,CUST_0479,38459,2022-02-19,723,Self-Employed,69932
APP_0480,CUST_0480,32722,2022-01-13,358,Employed,52855
APP_0481,CUST_0481,23931,2022-11-23,305,Employed,68571
APP_0482,CUST_0482,32362,2021-12-25,373,Employed,65397
APP_0483,CUST_0483,7683,2021-10-20,440,Employed,61546
APP_0484,CUST_0484,29919,2023-03-15,525,Employed,56213
APP_0485,CUST_0485,20456,2023-07-24,827,Self-Employed,64044
APP_0486,CUST_0486,11995,2021-11-16,304,Employed,74245
APP_0487,CUST_0487,33954,2022-05-20,366,Employed,65812
APP_0488,CUST_0488,11176,2022-10-08,665,Employed,77192
APP_0489,CUST_0489,32763,2023-03-26,628,Employed,38798
APP_0490,CUST_0490,44366,2023-09-13,561,Self-Employed,60068
APP_0491,CUST_0491,10985,2022-02-12,635,Employed,75272
APP_0492,CUST_0492,42292,2023-08-22,773,Unemployed,22270
APP_0493,CUST_0493,38595,2022-07-20,517,Self-Employed,85735
APP_0494,CUST_0494,15041,2021-10-03,695,Employed,69800
APP_0495,CUST_0495,15413,2021-11-22,399,Employed,71476
APP_0496,CUST_0496,35441,2023-04-21,838,Employed,47828
APP_0497,CUST_0497,8204,2022-10-19,555,Employed,66412
APP_0498,CUST_0498,5093,2022-05-24,555,Employed,41447
APP_0499,CUST_0499,18713,2023-03-05,541,Employed,63236
APP_0500,CUST_0500,40235,2022-08-30,611,Unemployed,20956
APP_0501,CUST_0501,41546,2021-12-17,822,Employed,52205
APP_0502,CUST_0502,5404,2021-10-20,580,Employed,63814
APP_0503,CUST_0503,10037,2021-11-10,811,Self-Employed,58448
APP_0504,CUST_0504,30785,2021-11-11,651,Employed,58755
APP_0505,CUST_0505,5375,2022-07-15,343,Employed,37865
APP_0506,CUST_0506,21036,2022-09-02,355,Unemployed,29011
APP_0507,CUST_0507,15942,2022-12-21,305,Employed,71364
APP_0508,CUST_0508,37260,2023-02-19,707,Employed,57066
APP_0509,CUST_0509,21881,2023-02-01,342,Employed,71541
APP_0510,CUST_0510,28757,2022-07-01,349,Self-Employed,35162
APP_0511,CUST_0511,14630,2022-10-22,657,Employed,50824
APP_0512,CUST_0512,35061,2021-11-11,727,Employed,70139
APP_0513,CUST_0513,35551,2023-07-03,452,Self-Employed,70286
APP_0514,CUST_0514,46698,2022-03-14,637,Employed,65068
APP_0515,CUST_0515,9515,2022-12-22,833,Employed,77430
APP_0516,CUST_0516,44497,2022-12-08,446,Employed,41700
APP_0517,CUST_0517,8290,2022-10-16,363,Unemployed,9868
APP_0518,CUST_0518,47935,2022-12-09,645,Unemployed,7415
APP_0519,CUST_0519,39330,2022-12-08,841,Self-Employed,99963
APP_0520,CUST_0520,34718,2023-04-08,593,Employed,37979
APP_0521,CUST_0521,30036,2022-01-25,468,Employed,44293
APP_0522,CUST_0522,36439,2023-06-17,797,Unemployed,24513
APP_0523,CUST_0523,33250,2022-11-15,662,Employed,36365
APP_0524,CUST_0524,36718,2022-06-19,523,Employed,39225
APP_0525,CUST_0525,21080,2022-06-05,403,Employed,63334
APP_0526,CUST_0526,9736,2022-12-25,567,Self-Employed,20656
APP_0527,CUST_0527,8466,2022-05-15,612,Employed,57319
APP_0528,CUST_0528,25427,2022-02-04,747,Employed,61204
APP_0529,CUST_0529,9702,2022-11-27,442,Employed,57644
APP_0530,CUST_0530,43406,2021-10-25,588,Employed,39015
APP_0531,CUST_0531,45621,2021-10-19,493,Employed,57953
APP_0532,CUST_0532,10534,2022-05-18,421,Employed,36420
APP_0533,CUST_0533,44078,2023-03-17,673,Employed,78549
APP_0534,CUST_0534,7987,2022-04-23,336,Self-Employed,35007
APP_0535,CUST_0535,26074,2022-03-11,325,Employed,78957
APP_0536,CUST_0536,33039,2023-02-26,372,Unemployed,24864
APP_0537,CUST_0537,8292,2022-11-14,350,Self-Employed,30148
APP_0538,CUST_0538,43569,2023-09-23,824,Employed,42072
APP_0539,CUST_0539,16100,2023-03-21,447,Self-Employed,70001
APP_0540,CUST_0540,46294,2021-11-14,694,Employed,59251
APP_0541,CUST_0541,30317,2021-11-18,819,Employed,42581
APP_0542,CUST_0542,30819,2022-09-27,392,Employed,43955
APP_0543,CUST_0543,36990,2022-06-28,826,Employed,41174
APP_0544,CUST_0544,13292,2023-09-08,756,Employed,75790
APP_0545,CUST_0545,15461,2022-10-19,346,Employed,76169
APP_0546,CUST_0546,45444,2022-12-18,527,Employed,45529
APP_0547,CUST_0547,29750,2023-03-07,335,Unemployed,21306
APP_0548,CUST_0548,30181,2021-10-25,509,Employed,33575
APP_0549,CUST_0549,12794,2022-07-13,451,Unemployed,12587
APP_0550,CUST_0550,25129,2022-01-10,361,Self-Employed,67792
APP_0551,CUST_0551,42644,2023-03-07,481,Self-Employed,98222
APP_0552,CUST_0552,25192,2023-06-02,824,Employed,50123
APP_0553,CUST_0553,47729,2022-10-01,729,Employed,34590
APP_0554,CUST_0554,46808,2022-10-24,819,Self-Employed,59598
APP_0555,CUST_0555,26960,2022-07-25,806,Employed,53781
APP_0556,CUST_0556,34683,2022-12-24,731,Employed,31144
APP_0557,CUST_0557,7173,2022-02-17,410,Employed,40396
APP_0558,CUST_0558,14354,2022-04-21,534,Employed,30956
APP_0559,CUST_0559,26104,2023-06-18,762,Self-Employed,44312
APP_0560,CUST_0560,11874,2023-08-19,389,Employed,45257
APP_0561,CUST_0561,22563,2022-01-21,401,Employed,62374
APP_0562,CUST_0562,30272,2021-10-22,676,Unemployed,8417
APP_0563,CUST_0563,28672,2023-05-14,484,Employed,39681
APP_0564,CUST_0564,23880,2022-08-19,334,Self-Employed,25817
APP_0565,CUST_0565,7757,2023-03-16,823,Self-Employed,31347
APP_0566,CUST_0566,17120,2022-05-18,439,Self-Employed,26131
APP_0567,CUST_0567,28842,2022-07-01,660,Employed,46809
APP_0568,CUST_0568,9047,2023-01-06,720,Employed,78916
APP_0569,CUST_0569,23435,2023-08-23,477,Employed,31313
APP_0570,CUST_0570,12845,2023-01-26,523,Self-Employed,35940
APP_0571,CUST_0571,48864,2022-02-20,439,Employed,30120
APP_0572,CUST_0572,12828,2021-11-22,846,Employed,55852
APP_0573,CUST_0573,30478,2022-03-09,760,Employed,60218
APP_0574,CUST_0574,41636,2021-12-21,595,Employed,70524
APP_0575,CUST_0575,26107,2022-04-04,668,Employed,31410
APP_0576,CUST_0576,42766,2022-01-12,822,Self-Employed,96754
APP_0577,CUST_0577,9930,2023-08-15,677,Employed,75365
APP_0578,CUST_0578,41454,2022-08-25,375,Self-Employed,67956
APP_0579,CUST_0579,30445,2022-10-29,351,Self-Employed,47951
APP_0580,CUST_0580,24835,2022-02-13,800,Employed,57025
APP_0581,CUST_0581,25165,2023-01-18,391,Employed,30471
APP_0582,CUST_0582,18421,2023-03-03,572,Employed,50078
APP_0583,CUST_0583,47313,2023-05-22,619,Self-Employed,37518
APP_0584,CUST_0584,5100,2022-10-05,560,Employed,79210
APP_0585,CUST_0585,14037,2021-10-01,815,Employed,31420
APP_0586,CUST_0586,11037,2022-05-15,444,Employed,72668
APP_0587,CUST_0587,30247,2023-08-10,682,Unemployed,29808
APP_0588,CUST_0588,29813,2022-09-06,567,Employed,36565
APP_0589,CUST_0589,36112,2022-06-02,450,Employed,71078
APP_0590,CUST_0590,47265,2022-10-12,519,Employed,31709
APP_0591,CUST_0591,21405,2021-10-14,372,Employed,38583
APP_0592,CUST_0592,27957,2023-07-04,594,Employed,56478
APP_0593,CUST_0593,43870,2022-03-29,644,Employed,72007
APP_0594,CUST_0594,29976,2022-06-24,619,Self-Employed,65795
APP_0595,CUST_0595,34849,2022-11-20,816,Employed,56693
APP_0596,CUST_0596,8191,2022-10-13,715,Employed,52791
APP_0597,CUST_0597,47661,2022-01-23,503,Employed,79956
APP_0598,CUST_0598,45831,2023-06-18,598,Self-Employed,43983
APP_0599,CUST_0599,44308,2021-10-26,487,Employed,51785
APP_0600,CUST_0600,8418,2023-07-18,610,Self-Employed,21537
APP_0601,CUST_0601,13778,2022-08-25,735,Employed,51972
APP_0602,CUST_0602,36739,2022-05-08,383,Employed,73584
APP_0603,CUST_0603,45014,2022-02-17,497,Employed,49539
APP_0604,CUST_0604,46790,2022-08-26,645,Employed,37625
APP_0605,CUST_0605,35919,2023-08-07,601,Unemployed,24584
APP_0606,CUST_0606,24589,2022-05-14,667,Employed,57774
APP_0607,CUST_0607,26674,2021-12-19,615,Employed,41351
APP_0608,CUST_0608,11282,2021-11-09,454,Employed,31853
APP_0609,CUST_0609,6337,2023-06-07,716,Self-Employed,85299
APP_0610,CUST_0610,41315,2023-04-16,627,Self-Employed,56829
APP_0611,CUST_0611,18657,2022-08-05,396,Employed,50602
APP_0612,CUST_0612,21771,2022-05-26,813,Employed,41178
APP_0613,CUST_0613,10245,2023-04-03,802,Employed,55296
APP_0614,CUST_0614,32342,2022-08-27,731,Self-Employed,51130
APP_0615,CUST_0615,8922,2023-07-05,680,Self-Employed,85515
APP_0616,CUST_0616,6221,2022-11-22,665,Employed,53868
APP_0617,CUST_0617,6924,2021-12-09,418,Employed,62081
APP_0618,CUST_0618,13901,2022-04-09,471,Employed,63193
APP_0619,CUST_0619,46407,2022-06-14,774,Self-Employed,63686
APP_0620,CUST_0620,13856,2023-07-23,315,Employed,49660
APP_0621,CUST_0621,25099,2022-06-17,502,Employed,38559
APP_0622,CUST_0622,33997,2021-10-09,385,Employed,77566
APP_0623,CUST_0623,13616,2023-06-05,406,Employed,58869
APP_0624,CUST_0624,42028,2022-12-12,791,Employed,59705
APP_0625,CUST_0625,47161,2023-05-06,770,Employed,54613
APP_0626,CUST_0626,8511,2021-09-26,556,Self-Employed,82265
APP_0627,CUST_0627,15904,2023-06-10,486,Employed,56384
APP_0628,CUST_0628,5673,2021-10-30,312,Employed,45443
APP_0629,CUST_0629,39706,2022-09-03,519,Employed,70765
APP_0630,CUST_0630,30329,2022-08-02,681,Employed,33450
APP_0631,CUST_0631,12303,2023-04-01,731,Employed,56519
APP_0632,CUST_0632,34419,2022-07-22,672,Unemployed,4222
APP_0633,CUST_0633,36732,2022-06-28,334,Self-Employed,87268
APP_0634,CUST_0634,48647,2022-09-29,624,Employed,44192
APP_0635,CUST_0635,36649,2023-03-06,472,Employed,33593
APP_0636,CUST_0636,46297,2022-03-20,540,Self-Employed,68173
APP_0637,CUST_0637,33172,2022-11-25,667,Unemployed,4958
APP_0638,CUST_0638,47798,2022-05-03,498,Employed,68938
APP_0639,CUST_0639,33960,2023-05-10,562,Employed,63398
APP_0640,CUST_0640,45738,2023-07-23,732,Employed,47194
APP_0641,CUST_0641,10719,2022-07-29,693,Self-Employed,91916
APP_0642,CUST_0642,32260,2023-07-15,840,Employed,64571
APP_0643,CUST_0643,34081,2022-02-26,377,Self-Employed,56540
APP_0644,CUST_0644,32822,2023-03-14,693,Employed,73995
APP_0645,CUST_0645,15738,2021-11-29,769,Employed,63952
APP_0646,CUST_0646,37308,2023-04-08,821,Employed,77902
APP_0647,CUST_0647,17910,2022-11-02,410,Employed,72269
APP_0648,CUST_0648,43464,2021-12-28,464,Unemployed,28219
APP_0649,CUST_0649,8404,2023-05-11,584,Employed,36594
APP_0650,CUST_0650,15825,2021-11-18,800,Employed,63967
APP_0651,CUST_0651,42010,2023-07-06,364,Unemployed,29758
APP_0652,CUST_0652,40459,2023-06-26,441,Employed,35774
APP_0653,CUST_0653,47032,2023-02-16,535,Self-Employed,41032
APP_0654,CUST_0654,32724,2023-07-06,814,Employed,59891
APP_0655,CUST_0655,11437,2022-06-14,721,Employed,73553
APP_0656,CUST_0656,17404,2023-03-12,387,Employed,55650
APP_0657,CUST_0657,47477,2023-05-31,815,Employed,52822
APP_0658,CUST_0658,14776,2023-08-24,411,Self-Employed,41684
APP_0659,CUST_0659,44021,2023-03-29,790,Employed,67501
APP_0660,CUST_0660,15194,2023-01-11,328,Employed,46410
APP_0661,CUST_0661,15419,2022-06-12,609,Employed,40135
APP_0662,CUST_0662,48569,2021-12-19,669,Employed,76776
APP_0663,CUST_0663,49103,2022-03-17,659,Employed,78093
APP_0664,CUST_0664,49465,2021-10-07,497,Self-Employed,37484
APP_0665,CUST_0665,25462,2023-07-27,840,Self-Employed,37539
APP_0666,CUST_0666,43173,2023-09-11,427,Employed,47325
APP_0667,CUST_0667,13266,2023-03-25,471,Employed,54225
APP_0668,CUST_0668,37340,2022-12-26,383,Self-Employed,34363
APP_0669,CUST_0669,28018,2023-09-08,362,Employed,44723
APP_0670,CUST_0670,49353,2023-06-18,502,Employed,62314
APP_0671,CUST_0671,43775,2022-06-04,519,Employed,34167
APP_0672,CUST_0672,8604,2023-02-12,466,Employed,56681
APP_0673,CUST_0673,8280,2021-11-01,331,Self-Employed,56553
APP_0674,CUST_0674,10162,2023-01-14,682,Employed,47880
APP_0675,CUST_0675,43386,2023-07-22,321,Self-Employed,32808
APP_0676,CUST_0676,39202,2023-08-01,792,Employed,45870
APP_0677,CUST_0677,40671,2021-10-20,671,Employed,77164
APP_0678,CUST_0678,41020,2022-08-12,655,Employed,30563
APP_0679,CUST_0679,11448,2022-04-20,469,Unemployed,18251
APP_0680,CUST_0680,31214,2022-01-12,550,Employed,78856
APP_0681,CUST_0681,30353,2021-12-14,553,Self-Employed,56697
APP_0682,CUST_0682,12426,2021-11-15,579,Employed,61501
APP_0683,CUST_0683,16636,2021-10-09,422,Employed,55625
APP_0684,CUST_0684,35441,2022-12-01,537,Self-Employed,94693
APP_0685,CUST_0685,30461,2022-11-24,336,Employed,44639
APP_0686,CUST_0686,5612,2023-04-03,812,Employed,40565
APP_0687,CUST_0687,9186,2021-12-25,367,Self-Employed,32903
APP_0688,CUST_0688,30668,2022-07-19,587,Employed,68505
APP_0689,CUST_0689,47506,2022-03-01,316,Employed,44359
APP_0690,CUST_0690,25492,2023-01-10,582,Employed,62691
APP_0691,CUST_0691,48233,2021-11-16,562,Employed,57062
APP_0692,CUST_0692,32045,2022-02-12,533,Self-Employed,74258
APP_0693,CUST_0693,25647,2022-05-01,785,Employed,56061
APP_0694,CUST_0694,14120,2022-09-11,567,Self-Employed,90412
APP_0695,CUST_0695,49321,2021-10-03,637,Employed,41768
APP_0696,CUST_0696,14114,2022-06-02,599,Employed,73689
APP_0697,CUST_0697,5099,2023-02-08,623,Self-Employed,21407
APP_0698,CUST_0698,7354,2022-11-07,832,Employed,56682
APP_0699,CUST_0699,6608,2023-02-07,775,Employed,34077
APP_0700,CUST_0700,35105,2022-02-11,811,Self-Employed,85398
APP_0701,CUST_0701,30496,2023-02-22,776,Employed,33513
APP_0702,CUST_0702,12719,2023-02-09,570,Unemployed,29108
APP_0703,CUST_0703,16498,2022-09-24,570,Employed,48958
APP_0704,CUST_0704,18947,2023-02-28,380,Employed,78484
APP_0705,CUST_0705,35360,2022-04-20,783,Employed,70071
APP_0706,CUST_0706,16922,2023-02-20,747,Unemployed,20666
APP_0707,CUST_0707,48830,2022-10-31,673,Employed,65377
APP_0708,CUST_0708,21384,2022-12-31,343,Self-Employed,64562
APP_0709,CUST_0709,43619,2021-10-30,455,Self-Employed,85841
APP_0710,CUST_0710,48449,2023-06-28,658,Employed,61993
APP_0711,CUST_0711,7098,2023-03-01,835,Employed,41071
APP_0712,CUST_0712,42734,2022-02-01,590,Employed,70848
APP_0713,CUST_0713,7068,2022-03-30,588,Employed,72435
APP_0714,CUST_0714,11827,2023-02-10,578,Self-Employed,36498
APP_0715,CUST_0715,17918,2021-10-03,741,Employed,74214
APP_0716,CUST_0716,43372,2022-01-24,642,Employed,49714
APP_0717,CUST_0717,27893,2022-08-17,573,Employed,48976
APP_0718,CUST_0718,17393,2023-06-09,774,Employed,52201
APP_0719,CUST_0719,45642,2023-02-19,525,Employed,47734
APP_0720,CUST_0720,29204,2023-08-13,642,Self-Employed,25615
APP_0721,CUST_0721,39575,2021-10-24,550,Employed,30668
APP_0722,CUST_0722,24574,2022-10-16,841,Unemployed,3251
APP_0723,CUST_0723,19881,2022-11-24,439,Employed,70603
APP_0724,CUST_0724,31775,2022-06-08,458,Employed,56489
APP_0725,CUST_0725,39700,2023-01-12,627,Self-Employed,30402
APP_0726,CUST_0726,41741,2022-04-03,342,Employed,58542
APP_0727,CUST_0727,36782,2021-12-03,627,Employed,67636
APP_0728,CUST_0728,5266,2023-06-13,792,Employed,54543
APP_0729,CUST_0729,49038,2022-10-10,418,Employed,44274
APP_0730,CUST_0730,37637,2022-01-30,639,Self-Employed,20793
APP_0731,CUST_0731,10382,2023-03-11,325,Self-Employed,30378
APP_0732,CUST_0732,46574,2023-02-19,473,Employed,35314
APP_0733,CUST_0733,33582,2022-12-24,677,Employed,68219
APP_0734,CUST_0734,33030,2023-03-17,790,Employed,53116
APP_0735,CUST_0735,23802,2022-04-02,431,Employed,49924
APP_0736,CUST_0736,28218,2022-10-14,549,Employed,64441
APP_0737,CUST_0737,37563,2022-12-20,849,Employed,65578
APP_0738,CUST_0738,32906,2022-08-10,461,Employed,48467
APP_0739,CUST_0739,12500,2023-05-06,744,Employed,58083
APP_0740,CUST_0740,42533,2023-06-05,819,Self-Employed,52369
APP_0741,CUST_0741,13819,2023-03-20,465,Employed,71470
APP_0742,CUST_0742,30544,2022-05-21,654,Self-Employed,65484
APP_0743,CUST_0743,9485,2023-08-04,572,Self-Employed,76878
APP_0744,CUST_0744,28156,2022-04-12,788,Employed,42298
APP_0745,CUST_0745,40051,2023-09-08,467,Employed,51168
APP_0746,CUST_0746,36311,2023-02-18,845,Employed,43256
APP_0747,CUST_0747,16326,2022-11-08,501,Unemployed,12137
APP_0748,CUST_0748,31956,2021-12-07,387,Employed,42623
APP_0749,CUST_0749,28116,2022-04-13,624,Employed,47946
APP_0750,CUST_0750,35357,2022-04-25,580,Employed,58608
APP_0751,CUST_0751,19098,2022-05-08,306,Employed,47445
APP_0752,CUST_0752,30101,2023-05-02,670,Self-Employed,24621
APP_0753,CUST_0753,41444,2022-12-04,516,Employed,77938
APP_0754,CUST_0754,15345,2023-06-06,361,Employed,70697
APP_0755,CUST_0755,16477,2022-07-03,487,Employed,44504
APP_0756,CUST_0756,49550,2023-01-21,803,Employed,43545
APP_0757,CUST_0757,25016,2023-02-08,758,Employed,52656
APP_0758,CUST_0758,31152,2022-02-07,539,Employed,46550
APP_0759,CUST_0759,46882,2022-04-27,328,Self-Employed,20030
APP_0760,CUST_0760,12326,2021-11-25,452,Employed,66670
APP_0761,CUST_0761,12557,2022-04-18,687,Employed,40161
APP_0762,CUST_0762,16749,2022-09-14,766,Self-Employed,89532
APP_0763,CUST_0763,49069,2021-11-09,562,Unemployed,27001
APP_0764,CUST_0764,37315,2022-04-05,384,Employed,77917
APP_0765,CUST_0765,20985,2022-11-20,577,Unemployed,4695
APP_0766,CUST_0766,17383,2022-10-10,583,Employed,79728
APP_0767,CUST_0767,40312,2023-08-14,748,Employed,37797
APP_0768,CUST_0768,11432,2023-04-17,666,Employed,51798
APP_0769,CUST_0769,37830,2023-07-28,687,Employed,30108
APP_0770,CUST_0770,32018,2022-10-06,307,Employed,51673
APP_0771,CUST_0771,35301,2022-01-15,676,Employed,35649
APP_0772,CUST_0772,21192,2021-09-26,636,Employed,60380
APP_0773,CUST_0773,35109,2021-12-25,759,Self-Employed,67192
APP_0774,CUST_0774,44258,2022-12-17,686,Employed,51302
APP_0775,CUST_0775,7023,2022-01-14,610,Employed,57047
APP_0776,CUST_0776,13342,2022-12-24,817,Self-Employed,97228
APP_0777,CUST_0777,23821,2022-05-25,381,Self-Employed,55419
APP_0778,CUST_0778,40620,2023-06-18,533,Unemployed,11999
APP_0779,CUST_0779,34267,2021-10-21,410,Employed,62903
APP_0780,CUST_0780,39276,2023-08-31,330,Employed,64303
APP_0781,CUST_0781,47757,2022-11-17,428,Employed,56310
APP_0782,CUST_0782,20708,2023-07-26,600,Employed,39766
APP_0783,CUST_0783,49785,2021-11-16,536,Employed,34988
APP_0784,CUST_0784,30683,2022-04-27,554,Unemployed,731
APP_0785,CUST_0785,49940,2022-07-14,300,Employed,73984
APP_0786,CUST_0786,39790,2022-02-20,713,Self-Employed,31801
APP_0787,CUST_0787,30735,2022-04-27,528,Self-Employed,94653
APP_0788,CUST_0788,24636,2021-11-22,487,Employed,60432
APP_0789,CUST_0789,5592,2022-05-03,321,Employed,51916
APP_0790,CUST_0790,27941,2022-05-26,363,Employed,57552
APP_0791,CUST_0791,22408,2022-04-14,804,Self-Employed,99772
APP_0792,CUST_0792,25183,2022-04-16,338,Employed,42552
APP_0793,CUST_0793,36439,2023-09-07,443,Employed,68962
APP_0794,CUST_0794,42437,2023-06-01,829,Employed,72392
APP_0795,CUST_0795,16408,2022-08-12,536,Employed,41349
APP_0796,CUST_0796,15096,2022-10-09,706,Employed,50746
APP_0797,CUST_0797,47441,2023-03-14,761,Unemployed,13011
APP_0798,CUST_0798,45532,2021-10-12,475,Unemployed,8727
APP_0799,CUST_0799,37884,2022-10-24,567,Employed,76267
APP_0800,CUST_0800,45703,2022-03-09,798,Employed,44790
APP_0801,CUST_0801,38592,2022-11-06,347,Employed,72458
APP_0802,CUST_0802,28088,2023-09-04,797,Employed,69018
APP_0803,CUST_0803,26649,2023-09-23,554,Employed,35851
APP_0804,CUST_0804,45889,2023-09-15,674,Employed,50218
APP_0805,CUST_0805,41361,2023-03-18,728,Employed,76125
APP_0806,CUST_0806,31703,2023-07-25,628,Employed,47369
APP_0807,CUST_0807,29993,2022-10-03,692,Self-Employed,67981
APP_0808,CUST_0808,32536,2022-05-10,500,Employed,32765
APP_0809,CUST_0809,40044,2022-11-09,792,Self-Employed,83033
APP_0810,CUST_0810,6863,2022-12-24,318,Employed,37428
APP_0811,CUST_0811,13199,2023-02-09,302,Unemployed,26931
APP_0812,CUST_0812,44421,2021-11-15,497,Employed,31998
APP_0813,CUST_0813,46750,2022-01-23,521,Employed,71665
APP_0814,CUST_0814,39658,2022-01-20,805,Employed,46999
APP_0815,CUST_0815,31782,2023-08-07,529,Self-Employed,24759
APP_0816,CUST_0816,39384,2022-09-15,662,Self-Employed,74917
APP_0817,CUST_0817,20919,2023-01-20,457,Employed,30228
APP_0818,CUST_0818,38394,2022-11-13,455,Self-Employed,77536
APP_0819,CUST_0819,19859,2022-08-26,742,Unemployed,15735
APP_0820,CUST_0820,17263,2022-12-15,695,Employed,33041
APP_0821,CUST_0821,30374,2022-12-03,605,Self-Employed,71519
APP_0822,CUST_0822,7138,2022-10-13,628,Employed,41297
APP_0823,CUST_0823,36010,2022-12-01,644,Employed,39536
APP_0824,CUST_0824,32190,2022-09-18,815,Employed,73424
APP_0825,CUST_0825,31449,2023-08-16,311,Employed,48911
APP_0826,CUST_0826,28203,2022-03-25,734,Employed,34586
APP_0827,CUST_0827,44789,2022-11-03,431,Employed,48128
APP_0828,CUST_0828,17912,2022-10-30,810,Employed,71047
APP_0829,CUST_0829,42285,2022-06-30,457,Self-Employed,88342
APP_0830,CUST_0830,34764,2022-10-10,367,Employed,37909
APP_0831,CUST_0831,13629,2023-04-16,503,Unemployed,26959
APP_0832,CUST_0832,32661,2022-02-27,675,Unemployed,26645
APP_0833,CUST_0833,34459,2022-02-06,379,Employed,56304
APP_0834,CUST_0834,49296,2023-06-04,601,Employed,34569
APP_0835,CUST_0835,12008,2023-06-10,379,Employed,63560
APP_0836,CUST_0836,23129,2022-09-25,525,Employed,62961
APP_0837,CUST_0837,34893,2023-08-20,311,Employed,38803
APP_0838,CUST_0838,32004,2023-03-01,803,Self-Employed,24537
APP_0839,CUST_0839,13292,2023-05-20,433,Employed,40334
APP_0840,CUST_0840,6409,2022-10-17,486,Employed,69132
APP_0841,CUST_0841,38533,2023-04-28,615,Employed,40466
APP_0842,CUST_0842,26661,2023-08-11,844,Self-Employed,28784
APP_0843,CUST_0843,9997,2022-06-08,471,Employed,61063
APP_0844,CUST_0844,29528,2022-11-20,616,Employed,60021
APP_0845,CUST_0845,11056,2022-04-23,585,Unemployed,29251
APP_0846,CUST_0846,7710,2022-04-21,550,Employed,69683
APP_0847,CUST_0847,24486,2023-04-15,455,Employed,40389
APP_0848,CUST_0848,19591,2022-05-16,329,Employed,63467
APP_0849,CUST_0849,28059,2023-05-11,426,Self-Employed,82546
APP_0850,CUST_0850,47756,2022-03-04,372,Self-Employed,57080
APP_0851,CUST_0851,12018,2023-04-30,375,Employed,51203
APP_0852,CUST_0852,24018,2023-06-21,397,Employed,49478
APP_0853,CUST_0853,37891,2022-06-09,506,Employed,76165
APP_0854,CUST_0854,36958,2023-05-07,567,Self-Employed,33512
APP_0855,CUST_0855,44228,2022-07-02,758,Employed,72044
APP_0856,CUST_0856,34946,2023-05-07,332,Employed,74012
APP_0857,CUST_0857,23013,2021-11-13,340,Employed,69097
APP_0858,CUST_0858,34353,2022-07-22,498,Self-Employed,37644
APP_0859,CUST_0859,10672,2022-12-09,586,Employed,60375
APP_0860,CUST_0860,14425,2023-02-02,423,Employed,67747
APP_0861,CUST_0861,34363,2022-06-12,591,Employed,39674
APP_0862,CUST_0862,39088,2021-11-26,768,Employed,65162
APP_0863,CUST_0863,40306,2023-09-13,457,Employed,59082
APP_0864,CUST_0864,14694,2021-11-22,511,Employed,51108
APP_0865,CUST_0865,45542,2022-11-27,660,Employed,78272
APP_0866,CUST_0866,49709,2023-01-26,390,Employed,58289
APP_0867,CUST_0867,48224,2022-09-18,838,Employed,30211
APP_0868,CUST_0868,37016,2022-03-14,523,Employed,37689
APP_0869,CUST_0869,12011,2023-07-22,501,Unemployed,6552
APP_0870,CUST_0870,45605,2022-07-28,348,Employed,74476
APP_0871,CUST_0871,24521,2022-04-05,675,Employed,33235
APP_0872,CUST_0872,21151,2023-09-04,618,Unemployed,15071
APP_0873,CUST_0873,39176,2022-02-26,593,Self-Employed,98677
APP_0874,CUST_0874,38879,2021-10-27,305,Employed,72714
APP_0875,CUST_0875,41645,2022-07-08,355,Employed,37736
APP_0876,CUST_0876,26871,2022-03-03,776,Employed,65187
APP_0877,CUST_0877,32071,2022-08-15,730,Employed,40600
APP_0878,CUST_0878,32034,2021-12-16,338,Self-Employed,21464
APP_0879,CUST_0879,18657,2022-12-03,564,Employed,40969
APP_0880,CUST_0880,30701,2022-08-30,493,Employed,78428
APP_0881,CUST_0881,22705,2023-05-28,622,Employed,53054
APP_0882,CUST_0882,41720,2022-04-06,362,Unemployed,14575
APP_0883,CUST_0883,40883,2022-04-10,316,Unemployed,22386
APP_0884,CUST_0884,22518,2023-09-17,489,Employed,63670
APP_0885,CUST_0885,7963,2022-03-04,494,Employed,30363
APP_0886,CUST_0886,28279,2022-10-10,567,Self-Employed,58644
APP_0887,CUST_0887,45843,2021-09-28,715,Employed,60280
APP_0888,CUST_0888,20265,2022-01-23,694,Unemployed,15242
APP_0889,CUST_0889,29455,2022-11-08,320,Employed,63843
APP_0890,CUST_0890,31743,2022-01-18,400,Self-Employed,68350
APP_0891,CUST_0891,9378,2022-04-25,352,Employed,75678
APP_0892,CUST_0892,30136,2021-10-21,755,Employed,71117
APP_0893,CUST_0893,16463,2022-10-07,570,Employed,41487
APP_0894,CUST_0894,24126,2022-10-14,332,Employed,71054
APP_0895,CUST_0895,9452,2023-05-04,707,Unemployed,11719
APP_0896,CUST_0896,31450,2022-01-13,420,Unemployed,11133
APP_0897,CUST_0897,11743,2023-05-16,365,Employed,57074
APP_0898,CUST_0898,47389,2022-09-15,375,Employed,36200
APP_0899,CUST_0899,10630,2023-03-05,808,Self-Employed,59802
APP_0900,CUST_0900,49296,2021-11-03,336,Self-Employed,98625
APP_0901,CUST_0901,31885,2023-09-16,362,Employed,73996
APP_0902,CUST_0902,41134,2022-12-01,753,Employed,50322
APP_0903,CUST_0903,12078,2023-07-28,742,Employed,55381
APP_0904,CUST_0904,13804,2023-05-12,830,Employed,56282
APP_0905,CUST_0905,25929,2022-12-28,684,Employed,49558
APP_0906,CUST_0906,38339,2022-08-05,301,Employed,35477
APP_0907,CUST_0907,25132,2023-08-29,412,Employed,48648
APP_0908,CUST_0908,43950,2023-09-02,407,Self-Employed,43129
APP_0909,CUST_0909,49707,2022-12-14,449,Self-Employed,38624
APP_0910,CUST_0910,27616,2021-12-14,569,Employed,60392
APP_0911,CUST_0911,21305,2023-01-06,367,Employed,51730
APP_0912,CUST_0912,43607,2023-02-03,701,Self-Employed,35959
APP_0913,CUST_0913,37084,2022-06-01,561,Employed,72896
APP_0914,CUST_0914,27898,2022-03-01,326,Employed,64034
APP_0915,CUST_0915,14481,2021-12-03,711,Employed,59260
APP_0916,CUST_0916,45068,2023-01-19,825,Employed,45546
APP_0917,CUST_0917,24480,2022-01-28,732,Employed,33003
APP_0918,CUST_0918,14822,2022-11-23,358,Employed,36592
APP_0919,CUST_0919,25045,2022-01-06,317,Employed,77037
APP_0920,CUST_0920,6291,2023-07-25,514,Self-Employed,55575
APP_0921,CUST_0921,40300,2022-11-12,520,Self-Employed,60262
APP_0922,CUST_0922,39897,2022-10-04,505,Unemployed,9665
APP_0923,CUST_0923,30754,2023-07-30,691,Employed,38836
APP_0924,CUST_0924,17230,2022-06-29,582,Self-Employed,93395
APP_0925,CUST_0925,35306,2021-10-12,573,Employed,63502
APP_0926,CUST_0926,17180,2021-12-16,731,Employed,57899
APP_0927,CUST_0927,10802,2023-07-14,425,Employed,60079
APP_0928,CUST_0928,13058,2021-11-29,648,Employed,33242
APP_0929,CUST_0929,22553,2023-02-24,805,Self-Employed,62002
APP_0930,CUST_0930,34285,2023-08-23,306,Employed,37600
APP_0931,CUST_0931,25441,2023-06-17,804,Employed,30813
APP_0932,CUST_0932,32892,2023-03-28,326,Self-Employed,96609
APP_0933,CUST_0933,44381,2021-11-09,393,Employed,65045
APP_0934,CUST_0934,20972,2023-01-16,733,Employed,60428
APP_0935,CUST_0935,32844,2022-10-29,832,Self-Employed,32702
APP_0936,CUST_0936,9207,2023-08-18,777,Employed,34279
APP_0937,CUST_0937,11241,2022-01-17,740,Self-Employed,41364
APP_0938,CUST_0938,23670,2023-05-23,739,Self-Employed,76139
APP_0939,CUST_0939,36123,2023-02-01,451,Self-Employed,38402
APP_0940,CUST_0940,21240,2023-01-13,703,Employed,65709
APP_0941,CUST_0941,26515,2022-01-03,755,Unemployed,25338
APP_0942,CUST_0942,44905,2022-01-13,350,Self-Employed,89806
APP_0943,CUST_0943,42985,2023-03-03,714,Employed,54539
APP_0944,CUST_0944,10471,2023-02-06,849,Employed,57426
APP_0945,CUST_0945,19937,2022-02-15,359,Employed,64061
APP_0946,CUST_0946,17120,2022-01-30,774,Unemployed,4971
APP_0947,CUST_0947,32117,2023-03-13,745,Self-Employed,33366
APP_0948,CUST_0948,7598,2023-05-24,645,Employed,45041
APP_0949,CUST_0949,41915,2022-05-19,503,Employed,43411
APP_0950,CUST_0950,47000,2022-04-30,331,Employed,54146
APP_0951,CUST_0951,39650,2022-10-01,384,Employed,56920
APP_0952,CUST_0952,12802,2022-05-09,390,Employed,64487
APP_0953,CUST_0953,34442,2022-12-05,339,Employed,76363
APP_0954,CUST_0954,5645,2023-05-20,478,Employed,41151
APP_0955,CUST_0955,9039,2022-02-28,594,Employed,65983
APP_0956,CUST_0956,28374,2023-07-07,679,Employed,44633
APP_0957,CUST_0957,14635,2022-03-07,427,Self-Employed,39355
APP_0958,CUST_0958,27708,2022-01-07,507,Self-Employed,72077
APP_0959,CUST_0959,26863,2022-02-01,313,Employed,54190
APP_0960,CUST_0960,27791,2022-03-31,463,Self-Employed,38218
APP_0961,CUST_0961,48699,2022-02-17,786,Employed,57872
APP_0962,CUST_0962,16622,2021-12-13,695,Employed,37992
APP_0963,CUST_0963,5761,2021-10-20,659,Employed,75236
APP_0964,CUST_0964,14139,2022-02-13,631,Employed,43646
APP_0965,CUST_0965,25381,2022-09-04,720,Unemployed,20755
APP_0966,CUST_0966,42559,2022-02-09,382,Employed,34641
APP_0967,CUST_0967,38393,2023-03-31,503,Self-Employed,34217
APP_0968,CUST_0968,46355,2022-09-11,462,Unemployed,17034
APP_0969,CUST_0969,43605,2022-08-06,380,Self-Employed,53283
APP_0970,CUST_0970,17154,2022-07-02,840,Employed,60766
APP_0971,CUST_0971,41151,2023-05-20,693,Self-Employed,75485
APP_0972,CUST_0972,7555,2022-12-03,308,Employed,55114
APP_0973,CUST_0973,20612,2022-10-29,445,Employed,35171
APP_0974,CUST_0974,35532,2023-03-21,536,Employed,31184
APP_0975,CUST_0975,19707,2023-04-22,520,Employed,46060
APP_0976,CUST_0976,37214,2023-03-02,650,Employed,48171
APP_0977,CUST_0977,10305,2022-05-19,423,Employed,64606
APP_0978,CUST_0978,36069,2022-10-05,401,Employed,34743
APP_0979,CUST_0979,44526,2022-02-25,679,Self-Employed,26507
APP_0980,CUST_0980,18195,2021-11-19,359,Employed,47191
APP_0981,CUST_0981,12762,2023-01-29,486,Employed,53745
APP_0982,CUST_0982,41076,2023-02-09,574,Employed,64405
APP_0983,CUST_0983,33675,2022-02-14,824,Employed,53195
APP_0984,CUST_0984,37933,2023-02-23,583,Unemployed,13159
APP_0985,CUST_0985,39183,2023-05-24,822,Unemployed,490
APP_0986,CUST_0986,47062,2021-11-21,583,Employed,51143
APP_0987,CUST_0987,16209,2023-02-27,812,Employed,63417
APP_0988,CUST_0988,36504,2023-04-26,307,Unemployed,27521
APP_0989,CUST_0989,12228,2023-09-09,367,Unemployed,17074
APP_0990,CUST_0990,38467,2022-05-14,672,Employed,79751
APP_0991,CUST_0991,27657,2022-06-23,811,Employed,61812
APP_0992,CUST_0992,19226,2021-12-08,720,Unemployed,28942
APP_0993,CUST_0993,16957,2021-10-15,728,Self-Employed,81436
APP_0994,CUST_0994,18596,2022-08-07,811,Employed,54216
APP_0995,CUST_0995,21832,2023-04-15,500,Employed,35733
APP_0996,CUST_0996,16992,2023-08-28,466,Self-Employed,38072
APP_0997,CUST_0997,35281,2022-07-15,368,Unemployed,14900
APP_0998,CUST_0998,29530,2021-10-26,391,Employed,72164
APP_0999,CUST_0999,8467,2023-05-21,628,Employed,33938
APP_1000,CUST_1000,15716,2021-10-20,650,Self-Employed,28447
